,antecedents,consequents,antecedent support,consequent support,support,confidence,lift,leverage,conviction,zhangs_metric
0,frozenset({'Init_Test_nKhtqDhAqhpXRoB'}),frozenset({'Init_Test_DrqobvatwhashXq'}),0.38666666666666666,0.4,0.2,0.5172413793103449,1.293103448275862,0.04533333333333334,1.2428571428571429,0.3695652173913044
1,frozenset({'Init_Test_DrqobvatwhashXq'}),frozenset({'Init_Test_nKhtqDhAqhpXRoB'}),0.4,0.38666666666666666,0.2,0.5,1.293103448275862,0.04533333333333334,1.2266666666666666,0.3777777777777778
2,frozenset({'Init_Test_vOPjhtZSHmDWEtj'}),frozenset({'Init_Test_GisqJogMpeIqvRH'}),0.38666666666666666,0.38666666666666666,0.2,0.5172413793103449,1.3376932223543403,0.050488888888888916,1.2704761904761905,0.411594202898551
3,frozenset({'Init_Test_GisqJogMpeIqvRH'}),frozenset({'Init_Test_vOPjhtZSHmDWEtj'}),0.38666666666666666,0.38666666666666666,0.2,0.5172413793103449,1.3376932223543403,0.050488888888888916,1.2704761904761905,0.411594202898551
4,frozenset({'Init_Test_PvluLrGxFSeQXxs'}),frozenset({'Init_Test_OHcXnbpHqAOjgYK'}),0.4,0.37333333333333335,0.21333333333333335,0.5333333333333333,1.4285714285714284,0.064,1.342857142857143,0.5
5,frozenset({'Init_Test_OHcXnbpHqAOjgYK'}),frozenset({'Init_Test_PvluLrGxFSeQXxs'}),0.37333333333333335,0.4,0.21333333333333335,0.5714285714285714,1.4285714285714284,0.064,1.4,0.47872340425531906
6,frozenset({'Init_Test_zeZZnfovuhbQPES'}),frozenset({'Init_Test_GisqJogMpeIqvRH'}),0.37333333333333335,0.38666666666666666,0.2,0.5357142857142857,1.3854679802955665,0.05564444444444444,1.321025641025641,0.4439716312056737
7,frozenset({'Init_Test_GisqJogMpeIqvRH'}),frozenset({'Init_Test_zeZZnfovuhbQPES'}),0.38666666666666666,0.37333333333333335,0.2,0.5172413793103449,1.3854679802955665,0.05564444444444444,1.2980952380952382,0.4536231884057971
8,frozenset({'Init_Test_GisqJogMpeIqvRH'}),frozenset({'Init_Test_LjOhIHgKkRAwewb'}),0.38666666666666666,0.37333333333333335,0.21333333333333335,0.5517241379310345,1.477832512315271,0.06897777777777778,1.397948717948718,0.5271739130434783
9,frozenset({'Init_Test_LjOhIHgKkRAwewb'}),frozenset({'Init_Test_GisqJogMpeIqvRH'}),0.37333333333333335,0.38666666666666666,0.21333333333333335,0.5714285714285714,1.477832512315271,0.06897777777777778,1.431111111111111,0.5159574468085105
10,frozenset({'Init_Test_zeZZnfovuhbQPES'}),frozenset({'Init_Test_LjOhIHgKkRAwewb'}),0.37333333333333335,0.37333333333333335,0.2,0.5357142857142857,1.4349489795918366,0.060622222222222216,1.3497435897435899,0.4836879432624112
11,frozenset({'Init_Test_LjOhIHgKkRAwewb'}),frozenset({'Init_Test_zeZZnfovuhbQPES'}),0.37333333333333335,0.37333333333333335,0.2,0.5357142857142857,1.4349489795918366,0.060622222222222216,1.3497435897435899,0.4836879432624112
12,frozenset({'Init_Test_zunyUarEjTVTaVo'}),frozenset({'Init_Test_PvluLrGxFSeQXxs'}),0.37333333333333335,0.4,0.21333333333333335,0.5714285714285714,1.4285714285714284,0.064,1.4,0.47872340425531906
13,frozenset({'Init_Test_PvluLrGxFSeQXxs'}),frozenset({'Init_Test_zunyUarEjTVTaVo'}),0.4,0.37333333333333335,0.21333333333333335,0.5333333333333333,1.4285714285714284,0.064,1.342857142857143,0.5
14,frozenset({'Init_Test_zunyUarEjTVTaVo'}),frozenset({'Init_Test_vOPjhtZSHmDWEtj'}),0.37333333333333335,0.38666666666666666,0.2,0.5357142857142857,1.3854679802955665,0.05564444444444444,1.321025641025641,0.4439716312056737
15,frozenset({'Init_Test_vOPjhtZSHmDWEtj'}),frozenset({'Init_Test_zunyUarEjTVTaVo'}),0.38666666666666666,0.37333333333333335,0.2,0.5172413793103449,1.3854679802955665,0.05564444444444444,1.2980952380952382,0.4536231884057971
16,frozenset({'Init_Test_PvluLrGxFSeQXxs'}),frozenset({'Init_Test_DIYXVNmJHMsGaCH'}),0.4,0.37333333333333335,0.21333333333333335,0.5333333333333333,1.4285714285714284,0.064,1.342857142857143,0.5
17,frozenset({'Init_Test_DIYXVNmJHMsGaCH'}),frozenset({'Init_Test_PvluLrGxFSeQXxs'}),0.37333333333333335,0.4,0.21333333333333335,0.5714285714285714,1.4285714285714284,0.064,1.4,0.47872340425531906
18,frozenset({'Init_Test_IWiMGlYhhuHGzmh'}),frozenset({'Init_Test_SkGBPyolFWYuKoC'}),0.38666666666666666,0.36,0.2,0.5172413793103449,1.4367816091954024,0.06080000000000002,1.3257142857142858,0.49565217391304367
19,frozenset({'Init_Test_SkGBPyolFWYuKoC'}),frozenset({'Init_Test_IWiMGlYhhuHGzmh'}),0.36,0.38666666666666666,0.2,0.5555555555555556,1.4367816091954024,0.06080000000000002,1.38,0.47500000000000014
20,frozenset({'Init_Test_hdScBoXCdMTveEZ'}),frozenset({'Init_Test_SkGBPyolFWYuKoC'}),0.37333333333333335,0.36,0.21333333333333335,0.5714285714285714,1.5873015873015872,0.07893333333333336,1.4933333333333332,0.5904255319148937
21,frozenset({'Init_Test_SkGBPyolFWYuKoC'}),frozenset({'Init_Test_hdScBoXCdMTveEZ'}),0.36,0.37333333333333335,0.21333333333333335,0.5925925925925927,1.5873015873015874,0.07893333333333336,1.5381818181818185,0.5781250000000001
22,frozenset({'Init_Test_IlEKbkUHNsqDigi'}),frozenset({'Init_Test_vOPjhtZSHmDWEtj'}),0.36,0.38666666666666666,0.2,0.5555555555555556,1.4367816091954024,0.06080000000000002,1.38,0.47500000000000014
23,frozenset({'Init_Test_vOPjhtZSHmDWEtj'}),frozenset({'Init_Test_IlEKbkUHNsqDigi'}),0.38666666666666666,0.36,0.2,0.5172413793103449,1.4367816091954024,0.06080000000000002,1.3257142857142858,0.49565217391304367
24,frozenset({'Init_Test_iTnkyIDAvUXgZBD'}),frozenset({'Init_Test_isEmPDzHZNkqweG'}),0.36,0.3466666666666667,0.22666666666666666,0.6296296296296297,1.8162393162393162,0.10186666666666666,1.764,0.7022058823529412
25,frozenset({'Init_Test_isEmPDzHZNkqweG'}),frozenset({'Init_Test_iTnkyIDAvUXgZBD'}),0.3466666666666667,0.36,0.22666666666666666,0.6538461538461537,1.816239316239316,0.10186666666666666,1.8488888888888884,0.687875150060024
26,frozenset({'Init_Test_qYyRBlANofmywAV'}),frozenset({'Init_Test_ktjbZjNkVOHJQjh'}),0.37333333333333335,0.3466666666666667,0.2,0.5357142857142857,1.5453296703296702,0.07057777777777777,1.4071794871794872,0.5631205673758863
27,frozenset({'Init_Test_ktjbZjNkVOHJQjh'}),frozenset({'Init_Test_qYyRBlANofmywAV'}),0.3466666666666667,0.37333333333333335,0.2,0.576923076923077,1.5453296703296704,0.07057777777777777,1.4812121212121214,0.5401360544217686
28,frozenset({'Init_Test_YbCZcRvCjFsYRCB'}),frozenset({'Init_Test_IlEKbkUHNsqDigi'}),0.3466666666666667,0.36,0.2,0.576923076923077,1.6025641025641029,0.07520000000000002,1.512727272727273,0.5755102040816327
29,frozenset({'Init_Test_IlEKbkUHNsqDigi'}),frozenset({'Init_Test_YbCZcRvCjFsYRCB'}),0.36,0.3466666666666667,0.2,0.5555555555555556,1.6025641025641026,0.07520000000000002,1.47,0.5875000000000001
30,frozenset({'Init_Test_DznmCuKTLzOmkmM'}),frozenset({'Init_Test_vOPjhtZSHmDWEtj'}),0.3333333333333333,0.38666666666666666,0.21333333333333335,0.6400000000000001,1.6551724137931039,0.08444444444444446,1.7037037037037042,0.59375
31,frozenset({'Init_Test_vOPjhtZSHmDWEtj'}),frozenset({'Init_Test_DznmCuKTLzOmkmM'}),0.38666666666666666,0.3333333333333333,0.21333333333333335,0.5517241379310345,1.6551724137931034,0.08444444444444446,1.4871794871794872,0.6453804347826089
32,frozenset({'Init_Test_qlIfwHjKYohnQOb'}),frozenset({'Init_Test_LjOhIHgKkRAwewb'}),0.3333333333333333,0.37333333333333335,0.2,0.6000000000000001,1.6071428571428572,0.07555555555555557,1.566666666666667,0.5666666666666667
33,frozenset({'Init_Test_LjOhIHgKkRAwewb'}),frozenset({'Init_Test_qlIfwHjKYohnQOb'}),0.37333333333333335,0.3333333333333333,0.2,0.5357142857142857,1.6071428571428572,0.07555555555555557,1.435897435897436,0.6028368794326241
34,frozenset({'Init_Test_bspxwVBudWSqtEL'}),frozenset({'Init_Test_IRpbLqpiSoAJLQt'}),0.36,0.3333333333333333,0.2,0.5555555555555556,1.6666666666666667,0.08000000000000002,1.5000000000000002,0.6250000000000001
35,frozenset({'Init_Test_IRpbLqpiSoAJLQt'}),frozenset({'Init_Test_bspxwVBudWSqtEL'}),0.3333333333333333,0.36,0.2,0.6000000000000001,1.666666666666667,0.08000000000000002,1.6000000000000003,0.6
36,frozenset({'Init_Test_oHtKaNQQwkGBOtD'}),frozenset({'Init_Test_YdbFZEJYFvuvivW'}),0.3333333333333333,0.3466666666666667,0.2,0.6000000000000001,1.730769230769231,0.08444444444444446,1.6333333333333337,0.6333333333333333
37,frozenset({'Init_Test_YdbFZEJYFvuvivW'}),frozenset({'Init_Test_oHtKaNQQwkGBOtD'}),0.3466666666666667,0.3333333333333333,0.2,0.576923076923077,1.730769230769231,0.08444444444444446,1.5757575757575761,0.6462585034013606
38,frozenset({'Init_Test_kBykpcEeGbLWEzW'}),frozenset({'Init_Test_GisqJogMpeIqvRH'}),0.3333333333333333,0.38666666666666666,0.2,0.6000000000000001,1.5517241379310347,0.07111111111111112,1.5333333333333337,0.5333333333333333
39,frozenset({'Init_Test_GisqJogMpeIqvRH'}),frozenset({'Init_Test_kBykpcEeGbLWEzW'}),0.38666666666666666,0.3333333333333333,0.2,0.5172413793103449,1.5517241379310347,0.07111111111111112,1.3809523809523812,0.5797101449275364
40,frozenset({'Init_Test_GNPrlltbrDiECBb'}),frozenset({'Init_Test_nKhtqDhAqhpXRoB'}),0.3333333333333333,0.38666666666666666,0.2,0.6000000000000001,1.5517241379310347,0.07111111111111112,1.5333333333333337,0.5333333333333333
41,frozenset({'Init_Test_nKhtqDhAqhpXRoB'}),frozenset({'Init_Test_GNPrlltbrDiECBb'}),0.38666666666666666,0.3333333333333333,0.2,0.5172413793103449,1.5517241379310347,0.07111111111111112,1.3809523809523812,0.5797101449275364
42,frozenset({'Init_Test_IRpbLqpiSoAJLQt'}),frozenset({'Init_Test_LgTBrSAZPoCXkEf'}),0.3333333333333333,0.3333333333333333,0.2,0.6000000000000001,1.8000000000000003,0.0888888888888889,1.6666666666666672,0.6666666666666666
43,frozenset({'Init_Test_LgTBrSAZPoCXkEf'}),frozenset({'Init_Test_IRpbLqpiSoAJLQt'}),0.3333333333333333,0.3333333333333333,0.2,0.6000000000000001,1.8000000000000003,0.0888888888888889,1.6666666666666672,0.6666666666666666
44,frozenset({'Init_Test_DIYXVNmJHMsGaCH'}),frozenset({'Init_Test_LgTBrSAZPoCXkEf'}),0.37333333333333335,0.3333333333333333,0.2,0.5357142857142857,1.6071428571428572,0.07555555555555557,1.435897435897436,0.6028368794326241
45,frozenset({'Init_Test_LgTBrSAZPoCXkEf'}),frozenset({'Init_Test_DIYXVNmJHMsGaCH'}),0.3333333333333333,0.37333333333333335,0.2,0.6000000000000001,1.6071428571428572,0.07555555555555557,1.566666666666667,0.5666666666666667
46,frozenset({'Init_Test_BLsEsxPUJKHkuhg'}),frozenset({'Init_Test_LgTBrSAZPoCXkEf'}),0.38666666666666666,0.3333333333333333,0.2,0.5172413793103449,1.5517241379310347,0.07111111111111112,1.3809523809523812,0.5797101449275364
47,frozenset({'Init_Test_LgTBrSAZPoCXkEf'}),frozenset({'Init_Test_BLsEsxPUJKHkuhg'}),0.3333333333333333,0.38666666666666666,0.2,0.6000000000000001,1.5517241379310347,0.07111111111111112,1.5333333333333337,0.5333333333333333
48,frozenset({'Init_Test_DIYXVNmJHMsGaCH'}),frozenset({'Init_Test_bWTcEiwjInFaGFt'}),0.37333333333333335,0.3333333333333333,0.22666666666666666,0.6071428571428571,1.8214285714285714,0.10222222222222221,1.696969696969697,0.7196495619524405
49,frozenset({'Init_Test_bWTcEiwjInFaGFt'}),frozenset({'Init_Test_DIYXVNmJHMsGaCH'}),0.3333333333333333,0.37333333333333335,0.22666666666666666,0.68,1.8214285714285714,0.10222222222222221,1.9583333333333337,0.676470588235294
50,frozenset({'Init_Test_PvluLrGxFSeQXxs'}),frozenset({'Init_Test_bWTcEiwjInFaGFt'}),0.4,0.3333333333333333,0.2,0.5,1.5,0.06666666666666668,1.3333333333333335,0.5555555555555557
51,frozenset({'Init_Test_bWTcEiwjInFaGFt'}),frozenset({'Init_Test_PvluLrGxFSeQXxs'}),0.3333333333333333,0.4,0.2,0.6000000000000001,1.5000000000000002,0.06666666666666668,1.5000000000000002,0.5
52,frozenset({'Init_Test_PFfiNytNdPdKrFD'}),frozenset({'Init_Test_GisqJogMpeIqvRH'}),0.32,0.38666666666666666,0.2,0.625,1.6163793103448276,0.07626666666666668,1.6355555555555554,0.5607843137254903
53,frozenset({'Init_Test_GisqJogMpeIqvRH'}),frozenset({'Init_Test_PFfiNytNdPdKrFD'}),0.38666666666666666,0.32,0.2,0.5172413793103449,1.6163793103448276,0.07626666666666668,1.4085714285714286,0.6217391304347827
54,frozenset({'Init_Test_mxEKzQfDmgHjcXv'}),frozenset({'Init_Test_YbCZcRvCjFsYRCB'}),0.32,0.3466666666666667,0.2,0.625,1.8028846153846154,0.08906666666666667,1.7422222222222221,0.6549019607843138
55,frozenset({'Init_Test_YbCZcRvCjFsYRCB'}),frozenset({'Init_Test_mxEKzQfDmgHjcXv'}),0.3466666666666667,0.32,0.2,0.576923076923077,1.8028846153846156,0.08906666666666667,1.6072727272727274,0.6816326530612244
56,frozenset({'Init_Test_zunyUarEjTVTaVo'}),frozenset({'Init_Test_wjYWQQacZeaOmwt'}),0.37333333333333335,0.32,0.2,0.5357142857142857,1.6741071428571428,0.08053333333333333,1.4646153846153844,0.6425531914893616
57,frozenset({'Init_Test_wjYWQQacZeaOmwt'}),frozenset({'Init_Test_zunyUarEjTVTaVo'}),0.32,0.37333333333333335,0.2,0.625,1.6741071428571428,0.08053333333333333,1.6711111111111112,0.5921568627450982
58,frozenset({'Init_Test_NtSokjJsEYEzfkM'}),frozenset({'Init_Test_wjYWQQacZeaOmwt'}),0.36,0.32,0.2,0.5555555555555556,1.7361111111111112,0.08480000000000001,1.53,0.6625000000000001
59,frozenset({'Init_Test_wjYWQQacZeaOmwt'}),frozenset({'Init_Test_NtSokjJsEYEzfkM'}),0.32,0.36,0.2,0.625,1.7361111111111112,0.08480000000000001,1.7066666666666668,0.6235294117647061
60,frozenset({'Init_Test_SEChSSazcWoSnbg'}),frozenset({'Init_Test_PeYvNviBcAOXcoQ'}),0.32,0.38666666666666666,0.22666666666666666,0.7083333333333333,1.8318965517241377,0.10293333333333332,2.1028571428571423,0.6678200692041523
61,frozenset({'Init_Test_PeYvNviBcAOXcoQ'}),frozenset({'Init_Test_SEChSSazcWoSnbg'}),0.38666666666666666,0.32,0.22666666666666666,0.5862068965517241,1.8318965517241377,0.10293333333333332,1.643333333333333,0.7404092071611252
62,frozenset({'Init_Test_jmJAVWeUNbcPqXd'}),frozenset({'Init_Test_SjicKPSimIyjkxp'}),0.32,0.32,0.2,0.625,1.953125,0.0976,1.8133333333333332,0.7176470588235295
63,frozenset({'Init_Test_SjicKPSimIyjkxp'}),frozenset({'Init_Test_jmJAVWeUNbcPqXd'}),0.32,0.32,0.2,0.625,1.953125,0.0976,1.8133333333333332,0.7176470588235295
64,frozenset({'Init_Test_aaLLvKaehVoHMCk'}),frozenset({'Init_Test_FmaHzuORbxDYJBz'}),0.32,0.32,0.2,0.625,1.953125,0.0976,1.8133333333333332,0.7176470588235295
65,frozenset({'Init_Test_FmaHzuORbxDYJBz'}),frozenset({'Init_Test_aaLLvKaehVoHMCk'}),0.32,0.32,0.2,0.625,1.953125,0.0976,1.8133333333333332,0.7176470588235295
66,frozenset({'Init_Test_lzlOkVNXTTYKyxA'}),frozenset({'Init_Test_DrqobvatwhashXq'}),0.32,0.4,0.2,0.625,1.5625,0.07200000000000001,1.5999999999999999,0.5294117647058825
67,frozenset({'Init_Test_DrqobvatwhashXq'}),frozenset({'Init_Test_lzlOkVNXTTYKyxA'}),0.4,0.32,0.2,0.5,1.5625,0.07200000000000001,1.3599999999999999,0.6000000000000001
68,frozenset({'Init_Test_lfljOrnuYZfkxTz'}),frozenset({'Init_Test_FaWiZOhkQOwodyQ'}),0.32,0.36,0.2,0.625,1.7361111111111112,0.08480000000000001,1.7066666666666668,0.6235294117647061
69,frozenset({'Init_Test_FaWiZOhkQOwodyQ'}),frozenset({'Init_Test_lfljOrnuYZfkxTz'}),0.36,0.32,0.2,0.5555555555555556,1.7361111111111112,0.08480000000000001,1.53,0.6625000000000001
70,frozenset({'Init_Test_lzlOkVNXTTYKyxA'}),frozenset({'Init_Test_HSAPVGNhfjOvyJc'}),0.32,0.32,0.2,0.625,1.953125,0.0976,1.8133333333333332,0.7176470588235295
71,frozenset({'Init_Test_HSAPVGNhfjOvyJc'}),frozenset({'Init_Test_lzlOkVNXTTYKyxA'}),0.32,0.32,0.2,0.625,1.953125,0.0976,1.8133333333333332,0.7176470588235295
72,frozenset({'Init_Test_vOPjhtZSHmDWEtj'}),frozenset({'Init_Test_yIFGPnTAtmqMSlb'}),0.38666666666666666,0.32,0.2,0.5172413793103449,1.6163793103448276,0.07626666666666668,1.4085714285714286,0.6217391304347827
73,frozenset({'Init_Test_yIFGPnTAtmqMSlb'}),frozenset({'Init_Test_vOPjhtZSHmDWEtj'}),0.32,0.38666666666666666,0.2,0.625,1.6163793103448276,0.07626666666666668,1.6355555555555554,0.5607843137254903
74,frozenset({'Init_Test_ZaaJgjRZbnmpkTR'}),frozenset({'Init_Test_vOPjhtZSHmDWEtj'}),0.32,0.38666666666666666,0.2,0.625,1.6163793103448276,0.07626666666666668,1.6355555555555554,0.5607843137254903
75,frozenset({'Init_Test_vOPjhtZSHmDWEtj'}),frozenset({'Init_Test_ZaaJgjRZbnmpkTR'}),0.38666666666666666,0.32,0.2,0.5172413793103449,1.6163793103448276,0.07626666666666668,1.4085714285714286,0.6217391304347827
76,frozenset({'Init_Test_bspxwVBudWSqtEL'}),frozenset({'Init_Test_PPMzATzzBscxtMR'}),0.36,0.30666666666666664,0.2,0.5555555555555556,1.811594202898551,0.08960000000000003,1.56,0.7000000000000002
77,frozenset({'Init_Test_PPMzATzzBscxtMR'}),frozenset({'Init_Test_bspxwVBudWSqtEL'}),0.30666666666666664,0.36,0.2,0.6521739130434784,1.8115942028985512,0.08960000000000003,1.8400000000000007,0.6461538461538463
78,frozenset({'Init_Test_OHcXnbpHqAOjgYK'}),frozenset({'Init_Test_gLAoYFSOjTYvgTY'}),0.37333333333333335,0.30666666666666664,0.21333333333333335,0.5714285714285714,1.8633540372670807,0.09884444444444446,1.6177777777777778,0.7393617021276595
79,frozenset({'Init_Test_gLAoYFSOjTYvgTY'}),frozenset({'Init_Test_OHcXnbpHqAOjgYK'}),0.30666666666666664,0.37333333333333335,0.21333333333333335,0.6956521739130436,1.863354037267081,0.09884444444444446,2.05904761904762,0.6682692307692307
80,frozenset({'Init_Test_ZlBVXDLGHofwCAy'}),frozenset({'Init_Test_arSElByppTZZTIT'}),0.37333333333333335,0.30666666666666664,0.2,0.5357142857142857,1.7468944099378882,0.08551111111111112,1.4933333333333334,0.6822695035460993
81,frozenset({'Init_Test_arSElByppTZZTIT'}),frozenset({'Init_Test_ZlBVXDLGHofwCAy'}),0.30666666666666664,0.37333333333333335,0.2,0.6521739130434784,1.7468944099378885,0.08551111111111112,1.8016666666666674,0.6166666666666667
82,frozenset({'Init_Test_xvoDMYHmjsXLNQS'}),frozenset({'Init_Test_YEABvdiyYOwNYFM'}),0.30666666666666664,0.36,0.2,0.6521739130434784,1.8115942028985512,0.08960000000000003,1.8400000000000007,0.6461538461538463
83,frozenset({'Init_Test_YEABvdiyYOwNYFM'}),frozenset({'Init_Test_xvoDMYHmjsXLNQS'}),0.36,0.30666666666666664,0.2,0.5555555555555556,1.811594202898551,0.08960000000000003,1.56,0.7000000000000002
84,frozenset({'Init_Test_xvoDMYHmjsXLNQS'}),frozenset({'Init_Test_DIYXVNmJHMsGaCH'}),0.30666666666666664,0.37333333333333335,0.2,0.6521739130434784,1.7468944099378885,0.08551111111111112,1.8016666666666674,0.6166666666666667
85,frozenset({'Init_Test_DIYXVNmJHMsGaCH'}),frozenset({'Init_Test_xvoDMYHmjsXLNQS'}),0.37333333333333335,0.30666666666666664,0.2,0.5357142857142857,1.7468944099378882,0.08551111111111112,1.4933333333333334,0.6822695035460993
86,frozenset({'Init_Test_bylPEMradeCDval'}),frozenset({'Init_Test_JnQThYkFhklnBkE'}),0.30666666666666664,0.4,0.21333333333333335,0.6956521739130436,1.7391304347826089,0.09066666666666669,1.971428571428572,0.6129807692307693
87,frozenset({'Init_Test_JnQThYkFhklnBkE'}),frozenset({'Init_Test_bylPEMradeCDval'}),0.4,0.30666666666666664,0.21333333333333335,0.5333333333333333,1.7391304347826089,0.09066666666666669,1.4857142857142858,0.7083333333333335
88,frozenset({'Init_Test_IdFoplWtHsIjtMd'}),frozenset({'Init_Test_LgTBrSAZPoCXkEf'}),0.30666666666666664,0.3333333333333333,0.2,0.6521739130434784,1.9565217391304353,0.0977777777777778,1.9166666666666676,0.7051282051282052
89,frozenset({'Init_Test_LgTBrSAZPoCXkEf'}),frozenset({'Init_Test_IdFoplWtHsIjtMd'}),0.3333333333333333,0.30666666666666664,0.2,0.6000000000000001,1.9565217391304353,0.0977777777777778,1.7333333333333338,0.7333333333333333
90,frozenset({'Init_Test_KtMQDPfEzRsdCgQ'}),frozenset({'Init_Test_oiQfWBMXbkvnRQg'}),0.32,0.30666666666666664,0.2,0.625,2.0380434782608696,0.10186666666666669,1.848888888888889,0.7490196078431375
91,frozenset({'Init_Test_oiQfWBMXbkvnRQg'}),frozenset({'Init_Test_KtMQDPfEzRsdCgQ'}),0.30666666666666664,0.32,0.2,0.6521739130434784,2.03804347826087,0.10186666666666669,1.9550000000000005,0.7346153846153847
92,frozenset({'Init_Test_gqUpOOhOyBHuqIO'}),frozenset({'Init_Test_glLDnYWkrBHFjtM'}),0.29333333333333333,0.32,0.2,0.6818181818181819,2.1306818181818183,0.10613333333333334,2.1371428571428575,0.7509433962264151
93,frozenset({'Init_Test_glLDnYWkrBHFjtM'}),frozenset({'Init_Test_gqUpOOhOyBHuqIO'}),0.32,0.29333333333333333,0.2,0.625,2.1306818181818183,0.10613333333333334,1.8844444444444444,0.7803921568627453
94,frozenset({'Init_Test_ezwMfXJIOBGCSAn'}),frozenset({'Init_Test_pyJbOdVsthnUDFy'}),0.29333333333333333,0.3333333333333333,0.2,0.6818181818181819,2.045454545454546,0.10222222222222224,2.095238095238096,0.7232704402515724
95,frozenset({'Init_Test_pyJbOdVsthnUDFy'}),frozenset({'Init_Test_ezwMfXJIOBGCSAn'}),0.3333333333333333,0.29333333333333333,0.2,0.6000000000000001,2.045454545454546,0.10222222222222224,1.766666666666667,0.7666666666666667
96,frozenset({'Init_Test_ZlBVXDLGHofwCAy'}),frozenset({'Init_Test_YHVecbOeLlErIkO'}),0.37333333333333335,0.29333333333333333,0.21333333333333335,0.5714285714285714,1.948051948051948,0.10382222222222223,1.6488888888888888,0.776595744680851
97,frozenset({'Init_Test_YHVecbOeLlErIkO'}),frozenset({'Init_Test_ZlBVXDLGHofwCAy'}),0.29333333333333333,0.37333333333333335,0.21333333333333335,0.7272727272727273,1.948051948051948,0.10382222222222223,2.297777777777778,0.6886792452830189
98,frozenset({'Init_Test_YbVLFqWwJFidSmB'}),frozenset({'Init_Test_LjOhIHgKkRAwewb'}),0.29333333333333333,0.37333333333333335,0.2,0.6818181818181819,1.8262987012987013,0.0904888888888889,1.9695238095238101,0.6402515723270441
99,frozenset({'Init_Test_LjOhIHgKkRAwewb'}),frozenset({'Init_Test_YbVLFqWwJFidSmB'}),0.37333333333333335,0.29333333333333333,0.2,0.5357142857142857,1.8262987012987013,0.0904888888888889,1.522051282051282,0.7219858156028368
100,frozenset({'Init_Test_psuRuyspnPwkqoB'}),frozenset({'Init_Test_OHcXnbpHqAOjgYK'}),0.28,0.37333333333333335,0.2,0.7142857142857143,1.913265306122449,0.09546666666666666,2.193333333333334,0.662962962962963
101,frozenset({'Init_Test_OHcXnbpHqAOjgYK'}),frozenset({'Init_Test_psuRuyspnPwkqoB'}),0.37333333333333335,0.28,0.2,0.5357142857142857,1.9132653061224487,0.09546666666666666,1.5507692307692307,0.7617021276595742
102,frozenset({'Init_Test_tTVSSMTfxZgkoMq'}),frozenset({'Init_Test_PvluLrGxFSeQXxs'}),0.28,0.4,0.2,0.7142857142857143,1.7857142857142856,0.088,2.1,0.6111111111111112
103,frozenset({'Init_Test_PvluLrGxFSeQXxs'}),frozenset({'Init_Test_tTVSSMTfxZgkoMq'}),0.4,0.28,0.2,0.5,1.7857142857142856,0.088,1.44,0.7333333333333333
104,frozenset({'Init_Test_gJHbSpamEEMCIcx'}),frozenset({'Init_Test_CqJtQQHCjcPvzrt'}),0.30666666666666664,0.26666666666666666,0.2,0.6521739130434784,2.445652173913044,0.11822222222222224,2.1083333333333343,0.8525641025641025
105,frozenset({'Init_Test_CqJtQQHCjcPvzrt'}),frozenset({'Init_Test_gJHbSpamEEMCIcx'}),0.26666666666666666,0.30666666666666664,0.2,0.75,2.4456521739130435,0.11822222222222224,2.7733333333333334,0.806060606060606
106,frozenset({'Init_Test_SkOyIqWofrPNMGj'}),frozenset({'Init_Test_CEAtnglhQIUaeCb'}),0.25333333333333335,0.3466666666666667,0.2,0.7894736842105263,2.277327935222672,0.11217777777777778,3.1033333333333335,0.7511904761904763
107,frozenset({'Init_Test_CEAtnglhQIUaeCb'}),frozenset({'Init_Test_SkOyIqWofrPNMGj'}),0.3466666666666667,0.25333333333333335,0.2,0.576923076923077,2.2773279352226723,0.11217777777777778,1.7648484848484849,0.8585034013605441
108,frozenset({'Init_Test_JnQThYkFhklnBkE'}),frozenset({'Init_Test_IBevczmnbTZVAUk'}),0.4,0.36,0.2,0.5,1.3888888888888888,0.05600000000000002,1.28,0.46666666666666684
109,frozenset({'Init_Test_IBevczmnbTZVAUk'}),frozenset({'Init_Test_JnQThYkFhklnBkE'}),0.36,0.4,0.2,0.5555555555555556,1.3888888888888888,0.05600000000000002,1.35,0.43750000000000017
110,frozenset({'Init_Test_JnQThYkFhklnBkE'}),frozenset({'Init_Test_DMrSWGOzxPHFIVZ'}),0.4,0.36,0.2,0.5,1.3888888888888888,0.05600000000000002,1.28,0.46666666666666684
111,frozenset({'Init_Test_DMrSWGOzxPHFIVZ'}),frozenset({'Init_Test_JnQThYkFhklnBkE'}),0.36,0.4,0.2,0.5555555555555556,1.3888888888888888,0.05600000000000002,1.35,0.43750000000000017
112,frozenset({'Init_Test_iRyrVphedJDMmVv'}),frozenset({'Init_Test_DrqobvatwhashXq'}),0.36,0.4,0.2,0.5555555555555556,1.3888888888888888,0.05600000000000002,1.35,0.43750000000000017
113,frozenset({'Init_Test_DrqobvatwhashXq'}),frozenset({'Init_Test_iRyrVphedJDMmVv'}),0.4,0.36,0.2,0.5,1.3888888888888888,0.05600000000000002,1.28,0.46666666666666684
114,frozenset({'Init_Test_PeYvNviBcAOXcoQ'}),frozenset({'Init_Test_zVbUgECtxHLYBTb'}),0.38666666666666666,0.36,0.2,0.5172413793103449,1.4367816091954024,0.06080000000000002,1.3257142857142858,0.49565217391304367
115,frozenset({'Init_Test_zVbUgECtxHLYBTb'}),frozenset({'Init_Test_PeYvNviBcAOXcoQ'}),0.36,0.38666666666666666,0.2,0.5555555555555556,1.4367816091954024,0.06080000000000002,1.38,0.47500000000000014
116,frozenset({'Init_Test_PvluLrGxFSeQXxs'}),frozenset({'Init_Test_GVoUuIBODnykVOK'}),0.4,0.3466666666666667,0.2,0.5,1.4423076923076923,0.06133333333333332,1.3066666666666666,0.5111111111111111
117,frozenset({'Init_Test_GVoUuIBODnykVOK'}),frozenset({'Init_Test_PvluLrGxFSeQXxs'}),0.3466666666666667,0.4,0.2,0.576923076923077,1.4423076923076923,0.06133333333333332,1.4181818181818184,0.46938775510204067
118,frozenset({'Init_Test_KAYLZBNAScmibqR'}),frozenset({'Init_Test_LjOhIHgKkRAwewb'}),0.3333333333333333,0.37333333333333335,0.2,0.6000000000000001,1.6071428571428572,0.07555555555555557,1.566666666666667,0.5666666666666667
119,frozenset({'Init_Test_LjOhIHgKkRAwewb'}),frozenset({'Init_Test_KAYLZBNAScmibqR'}),0.37333333333333335,0.3333333333333333,0.2,0.5357142857142857,1.6071428571428572,0.07555555555555557,1.435897435897436,0.6028368794326241
120,frozenset({'Init_Test_DrqobvatwhashXq'}),frozenset({'Init_Test_KAYLZBNAScmibqR'}),0.4,0.3333333333333333,0.2,0.5,1.5,0.06666666666666668,1.3333333333333335,0.5555555555555557
121,frozenset({'Init_Test_KAYLZBNAScmibqR'}),frozenset({'Init_Test_DrqobvatwhashXq'}),0.3333333333333333,0.4,0.2,0.6000000000000001,1.5000000000000002,0.06666666666666668,1.5000000000000002,0.5
122,frozenset({'Init_Test_ltoPwyUiYPjLgfe'}),frozenset({'Init_Test_RvknSxVrftICmGU'}),0.3333333333333333,0.3466666666666667,0.2,0.6000000000000001,1.730769230769231,0.08444444444444446,1.6333333333333337,0.6333333333333333
123,frozenset({'Init_Test_RvknSxVrftICmGU'}),frozenset({'Init_Test_ltoPwyUiYPjLgfe'}),0.3466666666666667,0.3333333333333333,0.2,0.576923076923077,1.730769230769231,0.08444444444444446,1.5757575757575761,0.6462585034013606
124,frozenset({'Init_Test_ltoPwyUiYPjLgfe'}),frozenset({'Init_Test_OHcXnbpHqAOjgYK'}),0.3333333333333333,0.37333333333333335,0.2,0.6000000000000001,1.6071428571428572,0.07555555555555557,1.566666666666667,0.5666666666666667
125,frozenset({'Init_Test_OHcXnbpHqAOjgYK'}),frozenset({'Init_Test_ltoPwyUiYPjLgfe'}),0.37333333333333335,0.3333333333333333,0.2,0.5357142857142857,1.6071428571428572,0.07555555555555557,1.435897435897436,0.6028368794326241
126,frozenset({'Init_Test_zVbUgECtxHLYBTb'}),frozenset({'Init_Test_PuaukeCIdaplBqm'}),0.36,0.3333333333333333,0.21333333333333335,0.5925925925925927,1.7777777777777781,0.09333333333333335,1.636363636363637,0.6835937500000001
127,frozenset({'Init_Test_PuaukeCIdaplBqm'}),frozenset({'Init_Test_zVbUgECtxHLYBTb'}),0.3333333333333333,0.36,0.21333333333333335,0.6400000000000001,1.7777777777777781,0.09333333333333335,1.7777777777777783,0.65625
128,frozenset({'Init_Test_zAtrSRgOTSLorQD'}),frozenset({'Init_Test_YdbFZEJYFvuvivW'}),0.32,0.3466666666666667,0.2,0.625,1.8028846153846154,0.08906666666666667,1.7422222222222221,0.6549019607843138
129,frozenset({'Init_Test_YdbFZEJYFvuvivW'}),frozenset({'Init_Test_zAtrSRgOTSLorQD'}),0.3466666666666667,0.32,0.2,0.576923076923077,1.8028846153846156,0.08906666666666667,1.6072727272727274,0.6816326530612244
130,frozenset({'Init_Test_lTmhifHWkAVkINU'}),frozenset({'Init_Test_rFmXxEViWgGERsA'}),0.29333333333333333,0.29333333333333333,0.2,0.6818181818181819,2.324380165289256,0.11395555555555556,2.2209523809523812,0.8062893081761007
131,frozenset({'Init_Test_rFmXxEViWgGERsA'}),frozenset({'Init_Test_lTmhifHWkAVkINU'}),0.29333333333333333,0.29333333333333333,0.2,0.6818181818181819,2.324380165289256,0.11395555555555556,2.2209523809523812,0.8062893081761007
132,frozenset({'Init_Test_vjLBbwDZWpxoxhc'}),frozenset({'Init_Test_bzGPToJBPlMGAIz'}),0.29333333333333333,0.32,0.2,0.6818181818181819,2.1306818181818183,0.10613333333333334,2.1371428571428575,0.7509433962264151
133,frozenset({'Init_Test_bzGPToJBPlMGAIz'}),frozenset({'Init_Test_vjLBbwDZWpxoxhc'}),0.32,0.29333333333333333,0.2,0.625,2.1306818181818183,0.10613333333333334,1.8844444444444444,0.7803921568627453
134,frozenset({'Init_Test_RkYugaQbZUmPhod'}),frozenset({'Init_Test_IBevczmnbTZVAUk'}),0.29333333333333333,0.36,0.2,0.6818181818181819,1.8939393939393943,0.09440000000000001,2.011428571428572,0.6679245283018869
135,frozenset({'Init_Test_IBevczmnbTZVAUk'}),frozenset({'Init_Test_RkYugaQbZUmPhod'}),0.36,0.29333333333333333,0.2,0.5555555555555556,1.893939393939394,0.09440000000000001,1.59,0.7375
136,frozenset({'Init_Test_JnQThYkFhklnBkE'}),frozenset({'Init_Test_FIfauipIynCmuqZ'}),0.4,0.29333333333333333,0.2,0.5,1.7045454545454546,0.08266666666666667,1.4133333333333333,0.6888888888888889
137,frozenset({'Init_Test_FIfauipIynCmuqZ'}),frozenset({'Init_Test_JnQThYkFhklnBkE'}),0.29333333333333333,0.4,0.2,0.6818181818181819,1.7045454545454546,0.08266666666666667,1.885714285714286,0.5849056603773585
138,frozenset({'Init_Test_fkglrnAmkqsYSqt'}),frozenset({'Init_Test_YdbFZEJYFvuvivW'}),0.28,0.3466666666666667,0.2,0.7142857142857143,2.0604395604395602,0.10293333333333334,2.2866666666666666,0.7148148148148149
139,frozenset({'Init_Test_YdbFZEJYFvuvivW'}),frozenset({'Init_Test_fkglrnAmkqsYSqt'}),0.3466666666666667,0.28,0.2,0.576923076923077,2.0604395604395607,0.10293333333333334,1.701818181818182,0.7877551020408162
140,frozenset({'Init_Test_JnQThYkFhklnBkE'}),frozenset({'Init_Test_wHaXUmojqHiwbvG'}),0.4,0.28,0.2,0.5,1.7857142857142856,0.088,1.44,0.7333333333333333
141,frozenset({'Init_Test_wHaXUmojqHiwbvG'}),frozenset({'Init_Test_JnQThYkFhklnBkE'}),0.28,0.4,0.2,0.7142857142857143,1.7857142857142856,0.088,2.1,0.6111111111111112
142,frozenset({'Init_Test_xjwfCRwPqToCZJG'}),frozenset({'Init_Test_DIYXVNmJHMsGaCH'}),0.28,0.37333333333333335,0.2,0.7142857142857143,1.913265306122449,0.09546666666666666,2.193333333333334,0.662962962962963
143,frozenset({'Init_Test_DIYXVNmJHMsGaCH'}),frozenset({'Init_Test_xjwfCRwPqToCZJG'}),0.37333333333333335,0.28,0.2,0.5357142857142857,1.9132653061224487,0.09546666666666666,1.5507692307692307,0.7617021276595742
144,frozenset({'Init_Test_mBytVHTJAEBiJqj'}),frozenset({'Init_Test_DrqobvatwhashXq'}),0.25333333333333335,0.4,0.2,0.7894736842105263,1.9736842105263157,0.09866666666666667,2.85,0.6607142857142858
145,frozenset({'Init_Test_DrqobvatwhashXq'}),frozenset({'Init_Test_mBytVHTJAEBiJqj'}),0.4,0.25333333333333335,0.2,0.5,1.9736842105263157,0.09866666666666667,1.4933333333333332,0.8222222222222223
146,frozenset({'Init_Test_JnQThYkFhklnBkE'}),frozenset({'Init_Test_DrqobvatwhashXq'}),0.4,0.4,0.22666666666666666,0.5666666666666667,1.4166666666666665,0.06666666666666662,1.3846153846153846,0.4901960784313723
147,frozenset({'Init_Test_DrqobvatwhashXq'}),frozenset({'Init_Test_JnQThYkFhklnBkE'}),0.4,0.4,0.22666666666666666,0.5666666666666667,1.4166666666666665,0.06666666666666662,1.3846153846153846,0.4901960784313723
148,frozenset({'Init_Test_DrqobvatwhashXq'}),frozenset({'Init_Test_BLsEsxPUJKHkuhg'}),0.4,0.38666666666666666,0.2,0.5,1.293103448275862,0.04533333333333334,1.2266666666666666,0.3777777777777778
149,frozenset({'Init_Test_BLsEsxPUJKHkuhg'}),frozenset({'Init_Test_DrqobvatwhashXq'}),0.38666666666666666,0.4,0.2,0.5172413793103449,1.293103448275862,0.04533333333333334,1.2428571428571429,0.3695652173913044
150,frozenset({'Init_Test_JnQThYkFhklnBkE'}),frozenset({'Init_Test_BLsEsxPUJKHkuhg'}),0.4,0.38666666666666666,0.2,0.5,1.293103448275862,0.04533333333333334,1.2266666666666666,0.3777777777777778
151,frozenset({'Init_Test_BLsEsxPUJKHkuhg'}),frozenset({'Init_Test_JnQThYkFhklnBkE'}),0.38666666666666666,0.4,0.2,0.5172413793103449,1.293103448275862,0.04533333333333334,1.2428571428571429,0.3695652173913044
152,frozenset({'Init_Test_DrqobvatwhashXq'}),frozenset({'Init_Test_qjOfEAtXiqyJCki'}),0.4,0.3333333333333333,0.21333333333333335,0.5333333333333333,1.6,0.08000000000000002,1.4285714285714286,0.6250000000000001
153,frozenset({'Init_Test_qjOfEAtXiqyJCki'}),frozenset({'Init_Test_DrqobvatwhashXq'}),0.3333333333333333,0.4,0.21333333333333335,0.6400000000000001,1.6000000000000003,0.08000000000000002,1.6666666666666672,0.5625
154,frozenset({'Init_Test_DrqobvatwhashXq'}),frozenset({'Init_Test_lIeddceFXnNHkcA'}),0.4,0.3333333333333333,0.2,0.5,1.5,0.06666666666666668,1.3333333333333335,0.5555555555555557
155,frozenset({'Init_Test_lIeddceFXnNHkcA'}),frozenset({'Init_Test_DrqobvatwhashXq'}),0.3333333333333333,0.4,0.2,0.6000000000000001,1.5000000000000002,0.06666666666666668,1.5000000000000002,0.5
156,frozenset({'Init_Test_nzpUKpJHPzaAOwO'}),frozenset({'Init_Test_BLsEsxPUJKHkuhg'}),0.29333333333333333,0.38666666666666666,0.2,0.6818181818181819,1.7633228840125394,0.0865777777777778,1.9276190476190478,0.6125786163522013
157,frozenset({'Init_Test_BLsEsxPUJKHkuhg'}),frozenset({'Init_Test_nzpUKpJHPzaAOwO'}),0.38666666666666666,0.29333333333333333,0.2,0.5172413793103449,1.7633228840125392,0.0865777777777778,1.463809523809524,0.7057971014492755
158,frozenset({'Init_Test_GLnJcxTzltwYWcH'}),frozenset({'Init_Test_HOXNuzuGqdeTFGo'}),0.3466666666666667,0.28,0.2,0.576923076923077,2.0604395604395607,0.10293333333333334,1.701818181818182,0.7877551020408162
159,frozenset({'Init_Test_HOXNuzuGqdeTFGo'}),frozenset({'Init_Test_GLnJcxTzltwYWcH'}),0.28,0.3466666666666667,0.2,0.7142857142857143,2.0604395604395602,0.10293333333333334,2.2866666666666666,0.7148148148148149
160,frozenset({'Init_Test_YlKfjVNdvJehuBG'}),frozenset({'Init_Test_OHcXnbpHqAOjgYK'}),0.37333333333333335,0.37333333333333335,0.2,0.5357142857142857,1.4349489795918366,0.060622222222222216,1.3497435897435899,0.4836879432624112
161,frozenset({'Init_Test_OHcXnbpHqAOjgYK'}),frozenset({'Init_Test_YlKfjVNdvJehuBG'}),0.37333333333333335,0.37333333333333335,0.2,0.5357142857142857,1.4349489795918366,0.060622222222222216,1.3497435897435899,0.4836879432624112
162,frozenset({'Init_Test_LusjEZkDsZvXALf'}),frozenset({'Init_Test_DIYXVNmJHMsGaCH'}),0.3466666666666667,0.37333333333333335,0.21333333333333335,0.6153846153846154,1.6483516483516483,0.0839111111111111,1.6293333333333335,0.6020408163265305
163,frozenset({'Init_Test_DIYXVNmJHMsGaCH'}),frozenset({'Init_Test_LusjEZkDsZvXALf'}),0.37333333333333335,0.3466666666666667,0.21333333333333335,0.5714285714285714,1.6483516483516483,0.0839111111111111,1.5244444444444443,0.627659574468085
164,frozenset({'Init_Test_eaikHWIIpKsHsTR'}),frozenset({'Init_Test_LusjEZkDsZvXALf'}),0.3466666666666667,0.3466666666666667,0.2,0.576923076923077,1.6642011834319528,0.07982222222222222,1.5442424242424244,0.6108843537414965
165,frozenset({'Init_Test_LusjEZkDsZvXALf'}),frozenset({'Init_Test_eaikHWIIpKsHsTR'}),0.3466666666666667,0.3466666666666667,0.2,0.576923076923077,1.6642011834319528,0.07982222222222222,1.5442424242424244,0.6108843537414965
166,frozenset({'Init_Test_iTnkyIDAvUXgZBD'}),frozenset({'Init_Test_yIwWcprtwPqEjzq'}),0.36,0.3333333333333333,0.21333333333333335,0.5925925925925927,1.7777777777777781,0.09333333333333335,1.636363636363637,0.6835937500000001
167,frozenset({'Init_Test_yIwWcprtwPqEjzq'}),frozenset({'Init_Test_iTnkyIDAvUXgZBD'}),0.3333333333333333,0.36,0.21333333333333335,0.6400000000000001,1.7777777777777781,0.09333333333333335,1.7777777777777783,0.65625
168,frozenset({'Init_Test_bKxCVtAMDcFEobw'}),frozenset({'Init_Test_DIYXVNmJHMsGaCH'}),0.3333333333333333,0.37333333333333335,0.21333333333333335,0.6400000000000001,1.7142857142857146,0.0888888888888889,1.7407407407407414,0.625
169,frozenset({'Init_Test_DIYXVNmJHMsGaCH'}),frozenset({'Init_Test_bKxCVtAMDcFEobw'}),0.37333333333333335,0.3333333333333333,0.21333333333333335,0.5714285714285714,1.7142857142857142,0.0888888888888889,1.5555555555555556,0.6648936170212766
170,frozenset({'Init_Test_bKxCVtAMDcFEobw'}),frozenset({'Init_Test_PvluLrGxFSeQXxs'}),0.3333333333333333,0.4,0.2,0.6000000000000001,1.5000000000000002,0.06666666666666668,1.5000000000000002,0.5
171,frozenset({'Init_Test_PvluLrGxFSeQXxs'}),frozenset({'Init_Test_bKxCVtAMDcFEobw'}),0.4,0.3333333333333333,0.2,0.5,1.5,0.06666666666666668,1.3333333333333335,0.5555555555555557
172,frozenset({'Init_Test_PvluLrGxFSeQXxs'}),frozenset({'Init_Test_MmtyLgfhPhkruFC'}),0.4,0.32,0.2,0.5,1.5625,0.07200000000000001,1.3599999999999999,0.6000000000000001
173,frozenset({'Init_Test_MmtyLgfhPhkruFC'}),frozenset({'Init_Test_PvluLrGxFSeQXxs'}),0.32,0.4,0.2,0.625,1.5625,0.07200000000000001,1.5999999999999999,0.5294117647058825
174,frozenset({'Init_Test_vYSwysSCmBverWf'}),frozenset({'Init_Test_VLcYYTozbwYUbtj'}),0.3466666666666667,0.32,0.21333333333333335,0.6153846153846154,1.9230769230769231,0.1024,1.768,0.7346938775510203
175,frozenset({'Init_Test_VLcYYTozbwYUbtj'}),frozenset({'Init_Test_vYSwysSCmBverWf'}),0.32,0.3466666666666667,0.21333333333333335,0.6666666666666667,1.9230769230769231,0.1024,1.9600000000000004,0.7058823529411766
176,frozenset({'Init_Test_vYSwysSCmBverWf'}),frozenset({'Init_Test_IGztaxHaFZfoNZx'}),0.3466666666666667,0.32,0.2,0.576923076923077,1.8028846153846156,0.08906666666666667,1.6072727272727274,0.6816326530612244
177,frozenset({'Init_Test_IGztaxHaFZfoNZx'}),frozenset({'Init_Test_vYSwysSCmBverWf'}),0.32,0.3466666666666667,0.2,0.625,1.8028846153846154,0.08906666666666667,1.7422222222222221,0.6549019607843138
178,frozenset({'Init_Test_jpHxqEKClpUCyMI'}),frozenset({'Init_Test_OHcXnbpHqAOjgYK'}),0.32,0.37333333333333335,0.21333333333333335,0.6666666666666667,1.7857142857142858,0.09386666666666667,1.8800000000000006,0.6470588235294118
179,frozenset({'Init_Test_OHcXnbpHqAOjgYK'}),frozenset({'Init_Test_jpHxqEKClpUCyMI'}),0.37333333333333335,0.32,0.21333333333333335,0.5714285714285714,1.7857142857142856,0.09386666666666667,1.5866666666666664,0.702127659574468
180,frozenset({'Init_Test_yBTnuxaBChKuDpt'}),frozenset({'Init_Test_VWiekrNVjEqDjhe'}),0.29333333333333333,0.36,0.2,0.6818181818181819,1.8939393939393943,0.09440000000000001,2.011428571428572,0.6679245283018869
181,frozenset({'Init_Test_VWiekrNVjEqDjhe'}),frozenset({'Init_Test_yBTnuxaBChKuDpt'}),0.36,0.29333333333333333,0.2,0.5555555555555556,1.893939393939394,0.09440000000000001,1.59,0.7375
182,frozenset({'Init_Test_zunyUarEjTVTaVo'}),frozenset({'Init_Test_FrzttUlpKMzEMDB'}),0.37333333333333335,0.29333333333333333,0.21333333333333335,0.5714285714285714,1.948051948051948,0.10382222222222223,1.6488888888888888,0.776595744680851
183,frozenset({'Init_Test_FrzttUlpKMzEMDB'}),frozenset({'Init_Test_zunyUarEjTVTaVo'}),0.29333333333333333,0.37333333333333335,0.21333333333333335,0.7272727272727273,1.948051948051948,0.10382222222222223,2.297777777777778,0.6886792452830189
184,frozenset({'Init_Test_lfFEgbrfmpxrMYI'}),frozenset({'Init_Test_nTyqVsDzLqqJdqi'}),0.28,0.3333333333333333,0.2,0.7142857142857143,2.1428571428571432,0.10666666666666667,2.333333333333334,0.7407407407407408
185,frozenset({'Init_Test_nTyqVsDzLqqJdqi'}),frozenset({'Init_Test_lfFEgbrfmpxrMYI'}),0.3333333333333333,0.28,0.2,0.6000000000000001,2.142857142857143,0.10666666666666667,1.8000000000000003,0.7999999999999999
186,frozenset({'Init_Test_UEFvFOCCdJCawbz'}),frozenset({'Init_Test_YlKfjVNdvJehuBG'}),0.28,0.37333333333333335,0.22666666666666666,0.8095238095238094,2.168367346938775,0.1221333333333333,3.2899999999999983,0.7483660130718953
187,frozenset({'Init_Test_YlKfjVNdvJehuBG'}),frozenset({'Init_Test_UEFvFOCCdJCawbz'}),0.37333333333333335,0.28,0.22666666666666666,0.6071428571428571,2.168367346938775,0.1221333333333333,1.8327272727272725,0.8598247809762201
188,frozenset({'Init_Test_JlfFuZGBPSHPtUE'}),frozenset({'Init_Test_bWTcEiwjInFaGFt'}),0.26666666666666666,0.3333333333333333,0.2,0.75,2.25,0.11111111111111113,2.666666666666667,0.7575757575757576
189,frozenset({'Init_Test_bWTcEiwjInFaGFt'}),frozenset({'Init_Test_JlfFuZGBPSHPtUE'}),0.3333333333333333,0.26666666666666666,0.2,0.6000000000000001,2.2500000000000004,0.11111111111111113,1.833333333333334,0.8333333333333334
190,frozenset({'Init_Test_LusjEZkDsZvXALf'}),frozenset({'Init_Test_nIFVIRyWeHsDDrN'}),0.3466666666666667,0.26666666666666666,0.2,0.576923076923077,2.1634615384615388,0.10755555555555557,1.7333333333333336,0.8231292517006803
191,frozenset({'Init_Test_nIFVIRyWeHsDDrN'}),frozenset({'Init_Test_LusjEZkDsZvXALf'}),0.26666666666666666,0.3466666666666667,0.2,0.75,2.1634615384615383,0.10755555555555557,2.6133333333333333,0.7333333333333333
192,frozenset({'Init_Test_nKhtqDhAqhpXRoB'}),frozenset({'Init_Test_FxpkRAMNRiqWfMC'}),0.38666666666666666,0.3333333333333333,0.21333333333333335,0.5517241379310345,1.6551724137931034,0.08444444444444446,1.4871794871794872,0.6453804347826089
193,frozenset({'Init_Test_FxpkRAMNRiqWfMC'}),frozenset({'Init_Test_nKhtqDhAqhpXRoB'}),0.3333333333333333,0.38666666666666666,0.21333333333333335,0.6400000000000001,1.6551724137931039,0.08444444444444446,1.7037037037037042,0.59375
194,frozenset({'Init_Test_ibIqTWdBvJwEFFx'}),frozenset({'Init_Test_JnQThYkFhklnBkE'}),0.3333333333333333,0.4,0.2,0.6000000000000001,1.5000000000000002,0.06666666666666668,1.5000000000000002,0.5
195,frozenset({'Init_Test_JnQThYkFhklnBkE'}),frozenset({'Init_Test_ibIqTWdBvJwEFFx'}),0.4,0.3333333333333333,0.2,0.5,1.5,0.06666666666666668,1.3333333333333335,0.5555555555555557
196,frozenset({'Init_Test_ESrRXcDjxQyzIue'}),frozenset({'Init_Test_eHJGbynCwPneTxa'}),0.32,0.32,0.2,0.625,1.953125,0.0976,1.8133333333333332,0.7176470588235295
197,frozenset({'Init_Test_eHJGbynCwPneTxa'}),frozenset({'Init_Test_ESrRXcDjxQyzIue'}),0.32,0.32,0.2,0.625,1.953125,0.0976,1.8133333333333332,0.7176470588235295
198,frozenset({'Init_Test_XioEgwgXzUatNlL'}),frozenset({'Init_Test_NVwMNFjrlfLBQDk'}),0.3333333333333333,0.32,0.2,0.6000000000000001,1.8750000000000002,0.09333333333333335,1.7000000000000002,0.7
199,frozenset({'Init_Test_NVwMNFjrlfLBQDk'}),frozenset({'Init_Test_XioEgwgXzUatNlL'}),0.32,0.3333333333333333,0.2,0.625,1.875,0.09333333333333335,1.777777777777778,0.6862745098039218
200,frozenset({'Init_Test_DrqobvatwhashXq'}),frozenset({'Init_Test_FuqDTdfadicjACh'}),0.4,0.32,0.2,0.5,1.5625,0.07200000000000001,1.3599999999999999,0.6000000000000001
201,frozenset({'Init_Test_FuqDTdfadicjACh'}),frozenset({'Init_Test_DrqobvatwhashXq'}),0.32,0.4,0.2,0.625,1.5625,0.07200000000000001,1.5999999999999999,0.5294117647058825
202,frozenset({'Init_Test_JnQThYkFhklnBkE'}),frozenset({'Init_Test_nxwxgclARVLKmHA'}),0.4,0.29333333333333333,0.21333333333333335,0.5333333333333333,1.8181818181818181,0.096,1.5142857142857142,0.75
203,frozenset({'Init_Test_nxwxgclARVLKmHA'}),frozenset({'Init_Test_JnQThYkFhklnBkE'}),0.29333333333333333,0.4,0.21333333333333335,0.7272727272727273,1.8181818181818181,0.096,2.2,0.6367924528301887
204,frozenset({'Init_Test_agNMkjzKPkEDKEv'}),frozenset({'Init_Test_DrqobvatwhashXq'}),0.29333333333333333,0.4,0.2,0.6818181818181819,1.7045454545454546,0.08266666666666667,1.885714285714286,0.5849056603773585
205,frozenset({'Init_Test_DrqobvatwhashXq'}),frozenset({'Init_Test_agNMkjzKPkEDKEv'}),0.4,0.29333333333333333,0.2,0.5,1.7045454545454546,0.08266666666666667,1.4133333333333333,0.6888888888888889
206,frozenset({'Init_Test_wYHMalpjmFMoSrw'}),frozenset({'Init_Test_GisqJogMpeIqvRH'}),0.29333333333333333,0.38666666666666666,0.2,0.6818181818181819,1.7633228840125394,0.0865777777777778,1.9276190476190478,0.6125786163522013
207,frozenset({'Init_Test_GisqJogMpeIqvRH'}),frozenset({'Init_Test_wYHMalpjmFMoSrw'}),0.38666666666666666,0.29333333333333333,0.2,0.5172413793103449,1.7633228840125392,0.0865777777777778,1.463809523809524,0.7057971014492755
208,frozenset({'Init_Test_eeZQbTysEftrBMM'}),frozenset({'Init_Test_JnQThYkFhklnBkE'}),0.29333333333333333,0.4,0.2,0.6818181818181819,1.7045454545454546,0.08266666666666667,1.885714285714286,0.5849056603773585
209,frozenset({'Init_Test_JnQThYkFhklnBkE'}),frozenset({'Init_Test_eeZQbTysEftrBMM'}),0.4,0.29333333333333333,0.2,0.5,1.7045454545454546,0.08266666666666667,1.4133333333333333,0.6888888888888889
210,frozenset({'Init_Test_LbIWuKdsAWxHame'}),frozenset({'Init_Test_GisqJogMpeIqvRH'}),0.25333333333333335,0.38666666666666666,0.2,0.7894736842105263,2.041742286751361,0.10204444444444445,2.913333333333333,0.6833333333333335
211,frozenset({'Init_Test_GisqJogMpeIqvRH'}),frozenset({'Init_Test_LbIWuKdsAWxHame'}),0.38666666666666666,0.25333333333333335,0.2,0.5172413793103449,2.041742286751361,0.10204444444444445,1.5466666666666666,0.8318840579710146
212,frozenset({'Init_Test_xuPmAdSlaGHsrOp'}),frozenset({'Init_Test_IWiMGlYhhuHGzmh'}),0.36,0.38666666666666666,0.2,0.5555555555555556,1.4367816091954024,0.06080000000000002,1.38,0.47500000000000014
213,frozenset({'Init_Test_IWiMGlYhhuHGzmh'}),frozenset({'Init_Test_xuPmAdSlaGHsrOp'}),0.38666666666666666,0.36,0.2,0.5172413793103449,1.4367816091954024,0.06080000000000002,1.3257142857142858,0.49565217391304367
214,frozenset({'Init_Test_pwgDTmRPSBLcZxH'}),frozenset({'Init_Test_VWiekrNVjEqDjhe'}),0.3333333333333333,0.36,0.2,0.6000000000000001,1.666666666666667,0.08000000000000002,1.6000000000000003,0.6
215,frozenset({'Init_Test_VWiekrNVjEqDjhe'}),frozenset({'Init_Test_pwgDTmRPSBLcZxH'}),0.36,0.3333333333333333,0.2,0.5555555555555556,1.6666666666666667,0.08000000000000002,1.5000000000000002,0.6250000000000001
216,frozenset({'Init_Test_pwgDTmRPSBLcZxH'}),frozenset({'Init_Test_YBEdStICRTVhROS'}),0.3333333333333333,0.37333333333333335,0.2,0.6000000000000001,1.6071428571428572,0.07555555555555557,1.566666666666667,0.5666666666666667
217,frozenset({'Init_Test_YBEdStICRTVhROS'}),frozenset({'Init_Test_pwgDTmRPSBLcZxH'}),0.37333333333333335,0.3333333333333333,0.2,0.5357142857142857,1.6071428571428572,0.07555555555555557,1.435897435897436,0.6028368794326241
218,frozenset({'Init_Test_bfddZrEQcOlIMgQ'}),frozenset({'Init_Test_JAHLIeaJzlwMkKC'}),0.29333333333333333,0.3333333333333333,0.2,0.6818181818181819,2.045454545454546,0.10222222222222224,2.095238095238096,0.7232704402515724
219,frozenset({'Init_Test_JAHLIeaJzlwMkKC'}),frozenset({'Init_Test_bfddZrEQcOlIMgQ'}),0.3333333333333333,0.29333333333333333,0.2,0.6000000000000001,2.045454545454546,0.10222222222222224,1.766666666666667,0.7666666666666667
220,frozenset({'Init_Test_DrqobvatwhashXq'}),frozenset({'Init_Test_HUrZvDcSsjBImmA'}),0.4,0.3333333333333333,0.2,0.5,1.5,0.06666666666666668,1.3333333333333335,0.5555555555555557
221,frozenset({'Init_Test_HUrZvDcSsjBImmA'}),frozenset({'Init_Test_DrqobvatwhashXq'}),0.3333333333333333,0.4,0.2,0.6000000000000001,1.5000000000000002,0.06666666666666668,1.5000000000000002,0.5
222,frozenset({'Init_Test_YlKfjVNdvJehuBG'}),frozenset({'Init_Test_zylSwftLlDENoPG'}),0.37333333333333335,0.29333333333333333,0.2,0.5357142857142857,1.8262987012987013,0.0904888888888889,1.522051282051282,0.7219858156028368
223,frozenset({'Init_Test_zylSwftLlDENoPG'}),frozenset({'Init_Test_YlKfjVNdvJehuBG'}),0.29333333333333333,0.37333333333333335,0.2,0.6818181818181819,1.8262987012987013,0.0904888888888889,1.9695238095238101,0.6402515723270441
224,frozenset({'Init_Test_xKeHIrsCYBLOsrn'}),frozenset({'Init_Test_JFrdeOvNotvnOWX'}),0.29333333333333333,0.3333333333333333,0.2,0.6818181818181819,2.045454545454546,0.10222222222222224,2.095238095238096,0.7232704402515724
225,frozenset({'Init_Test_JFrdeOvNotvnOWX'}),frozenset({'Init_Test_xKeHIrsCYBLOsrn'}),0.3333333333333333,0.29333333333333333,0.2,0.6000000000000001,2.045454545454546,0.10222222222222224,1.766666666666667,0.7666666666666667
226,frozenset({'Init_Test_teTfctWVydutsaI'}),frozenset({'Init_Test_PFfiNytNdPdKrFD'}),0.28,0.32,0.2,0.7142857142857143,2.232142857142857,0.1104,2.38,0.7666666666666667
227,frozenset({'Init_Test_PFfiNytNdPdKrFD'}),frozenset({'Init_Test_teTfctWVydutsaI'}),0.32,0.28,0.2,0.625,2.2321428571428568,0.1104,1.92,0.811764705882353
228,frozenset({'Init_Test_hdScBoXCdMTveEZ'}),frozenset({'Init_Test_vOPjhtZSHmDWEtj'}),0.37333333333333335,0.38666666666666666,0.21333333333333335,0.5714285714285714,1.477832512315271,0.06897777777777778,1.431111111111111,0.5159574468085105
229,frozenset({'Init_Test_vOPjhtZSHmDWEtj'}),frozenset({'Init_Test_hdScBoXCdMTveEZ'}),0.38666666666666666,0.37333333333333335,0.21333333333333335,0.5517241379310345,1.477832512315271,0.06897777777777778,1.397948717948718,0.5271739130434783
230,frozenset({'Init_Test_YBEdStICRTVhROS'}),frozenset({'Init_Test_JFrdeOvNotvnOWX'}),0.37333333333333335,0.3333333333333333,0.2,0.5357142857142857,1.6071428571428572,0.07555555555555557,1.435897435897436,0.6028368794326241
231,frozenset({'Init_Test_JFrdeOvNotvnOWX'}),frozenset({'Init_Test_YBEdStICRTVhROS'}),0.3333333333333333,0.37333333333333335,0.2,0.6000000000000001,1.6071428571428572,0.07555555555555557,1.566666666666667,0.5666666666666667
232,frozenset({'Init_Test_PvluLrGxFSeQXxs'}),frozenset({'Init_Test_JFrdeOvNotvnOWX'}),0.4,0.3333333333333333,0.2,0.5,1.5,0.06666666666666668,1.3333333333333335,0.5555555555555557
233,frozenset({'Init_Test_JFrdeOvNotvnOWX'}),frozenset({'Init_Test_PvluLrGxFSeQXxs'}),0.3333333333333333,0.4,0.2,0.6000000000000001,1.5000000000000002,0.06666666666666668,1.5000000000000002,0.5
234,frozenset({'Init_Test_bqMaiLbADYmLGPg'}),frozenset({'Init_Test_VWiekrNVjEqDjhe'}),0.26666666666666666,0.36,0.2,0.75,2.0833333333333335,0.10400000000000001,2.56,0.709090909090909
235,frozenset({'Init_Test_VWiekrNVjEqDjhe'}),frozenset({'Init_Test_bqMaiLbADYmLGPg'}),0.36,0.26666666666666666,0.2,0.5555555555555556,2.0833333333333335,0.10400000000000001,1.6500000000000001,0.8125
236,frozenset({'Init_Test_PeYvNviBcAOXcoQ'}),frozenset({'Init_Test_JAHLIeaJzlwMkKC'}),0.38666666666666666,0.3333333333333333,0.2,0.5172413793103449,1.5517241379310347,0.07111111111111112,1.3809523809523812,0.5797101449275364
237,frozenset({'Init_Test_JAHLIeaJzlwMkKC'}),frozenset({'Init_Test_PeYvNviBcAOXcoQ'}),0.3333333333333333,0.38666666666666666,0.2,0.6000000000000001,1.5517241379310347,0.07111111111111112,1.5333333333333337,0.5333333333333333
238,frozenset({'Init_Test_wepnFjTZBcLruVd'}),frozenset({'Init_Test_wgBjpWsLnFBWkRf'}),0.3466666666666667,0.3466666666666667,0.2,0.576923076923077,1.6642011834319528,0.07982222222222222,1.5442424242424244,0.6108843537414965
239,frozenset({'Init_Test_wgBjpWsLnFBWkRf'}),frozenset({'Init_Test_wepnFjTZBcLruVd'}),0.3466666666666667,0.3466666666666667,0.2,0.576923076923077,1.6642011834319528,0.07982222222222222,1.5442424242424244,0.6108843537414965
